{"subPackages":[{"root":"pages/service/"},{"root":"pages/details/"},{"root":"pages/search/"},{"root":"pages/user/"}],"entryPagePath":"pages/index/index.html","pages":["pages/index/index","pages/index/login","pages/service/help","pages/service/feedback","pages/service/feedbackList","pages/service/testing","pages/details/article","pages/details/about","pages/details/bill","pages/details/category","pages/details/account","pages/search/index","pages/search/result","pages/user/more","pages/user/info","pages/user/password","pages/user/category","pages/user/general","pages/user/recharge","pages/user/export","pages/user/ledger","pages/user/ledger_edit","pages/user/equity","pages/user/account","pages/user/bank","pages/user/budget","pages/user/binding"],"page":{"pages/index/index.html":{"window":{"navigationBarTitleText":"首页"}},"pages/index/login.html":{"window":{"navigationBarTitleText":"登录"}},"pages/service/help.html":{"window":{"navigationBarTitleText":"帮助"}},"pages/service/feedback.html":{"window":{"navigationBarTitleText":"反馈"}},"pages/service/feedbackList.html":{"window":{"navigationBarTitleText":"反馈"}},"pages/service/testing.html":{"window":{"navigationBarTitleText":"检测"}},"pages/details/article.html":{"window":{"navigationBarTitleText":"文章"}},"pages/details/about.html":{"window":{"navigationBarTitleText":"关于"}},"pages/details/bill.html":{"window":{"navigationBarTitleText":"明细"}},"pages/details/category.html":{"window":{"navigationBarTitleText":"类别"}},"pages/details/account.html":{"window":{"navigationBarTitleText":"账户"}},"pages/search/index.html":{"window":{"navigationBarTitleText":"搜索"}},"pages/search/result.html":{"window":{"navigationBarTitleText":"结果"}},"pages/user/more.html":{"window":{"navigationBarTitleText":"更多"}},"pages/user/info.html":{"window":{"navigationBarTitleText":"资料"}},"pages/user/password.html":{"window":{"navigationBarTitleText":"密码"}},"pages/user/category.html":{"window":{"navigationBarTitleText":"类别"}},"pages/user/general.html":{"window":{"navigationBarTitleText":"总览"}},"pages/user/recharge.html":{"window":{"navigationBarTitleText":"充值"}},"pages/user/export.html":{"window":{"navigationBarTitleText":"导出"}},"pages/user/ledger.html":{"window":{"navigationBarTitleText":"账本"}},"pages/user/ledger_edit.html":{"window":{"navigationBarTitleText":"编辑"}},"pages/user/equity.html":{"window":{"navigationBarTitleText":"权益"}},"pages/user/account.html":{"window":{"navigationBarTitleText":"账户"}},"pages/user/bank.html":{"window":{"navigationBarTitleText":"银行"}},"pages/user/budget.html":{"window":{"navigationBarTitleText":"预算"}},"pages/user/binding.html":{"window":{"navigationBarTitleText":"绑定"}}},"global":{"window":{"navigationStyle":"custom","navigationBarBackgroundColor":"#fff","navigationBarTextStyle":"black"}},"renderer":{"allUsed":["webview"],"default":"webview"}}